<?xml version="1.0" encoding="UTF-8"?><?mso-infoPathSolution solutionVersion="1.0.0.12" PIVersion="1.0.0.0" href="file:///C:\Users\Jamesone\Documents\windowsPowershell\PSH-Help.xsn" name="urn:schemas-microsoft-com:office:infopath:PSH-Help:" productVersion="14.0.0" ?><?mso-application progid="InfoPath.Document" versionProgid="InfoPath.Document.2"?>
<helpItems xmlns="http://msh" schema="maml" 
xmlns:xsi="http://www.w3.org/2001/XMLSchema-instance" xmlns:dev="http://schemas.microsoft.com/maml/dev/2004/10" xmlns:command="http://schemas.microsoft.com/maml/dev/command/2004/10" xmlns:maml="http://schemas.microsoft.com/maml/2004/10" xmlns:my="http://schemas.microsoft.com/office/infopath/2003/myXSD/2009-07-13T15:24:29" xmlns:xd="http://schemas.microsoft.com/office/infopath/2003" xml:lang="en-gb">
	
<command:command>
		<command:details>
			<command:name>ConvertTo-Hex</command:name>
			<maml:description>
				<maml:para></maml:para>
			</maml:description>
			<maml:copyright>
				<maml:para>(c) Richard Siddaway 2010</maml:para>
			</maml:copyright>
			<command:verb>ConvertTo</command:verb>
			<command:noun>Hex</command:noun>
			<dev:version></dev:version>
		</command:details>
		<maml:description>
			<maml:para>Converts a decimal number to string representation of hexadecimal equivalent</maml:para>
		</maml:description>
		<command:syntax>
			<command:syntaxItem>
				<maml:name>Default</maml:name>
				<command:parameter globbing="false" variableLength="" position="0" required="false" pipelineInput="false">
					<maml:name>inputvalue</maml:name>
					<maml:description>
						<maml:para></maml:para>
					</maml:description>
					<command:parameterValue required="false" variableLength="">64 bit integer</command:parameterValue>
					<dev:type>
						<maml:name></maml:name>
						<maml:uri></maml:uri>
						<maml:description>
							<maml:para></maml:para>
						</maml:description>
					</dev:type>
					<dev:defaultValue>0</dev:defaultValue>
				</command:parameter>
			</command:syntaxItem>
		</command:syntax>
		<command:parameters>
			<command:parameter globbing="false" variableLength="" position="0" required="false" pipelineInput="false">
				<maml:name>inputvalue</maml:name>
				<maml:description>
					<maml:para>Value to convert</maml:para>
				</maml:description>
				<command:parameterValue required="false" variableLength="">64 bit integer</command:parameterValue>
				<dev:type>
					<maml:name></maml:name>
					<maml:uri></maml:uri>
					<maml:description>
						<maml:para></maml:para>
					</maml:description>
				</dev:type>
				<dev:defaultValue>0</dev:defaultValue>
			</command:parameter>
		</command:parameters>
		<command:inputTypes>
			<command:inputType>
				<dev:type>
					<maml:name>64 bit integer</maml:name>
					<maml:uri></maml:uri>
					<maml:description>
						<maml:para></maml:para>
					</maml:description>
				</dev:type>
				<maml:description>
					<maml:para></maml:para>
				</maml:description>
			</command:inputType>
		</command:inputTypes>
		<command:returnValues>
			<command:returnValue>
				<dev:type>
					<maml:name>string</maml:name>
					<maml:uri></maml:uri>
					<maml:description>
						<maml:para></maml:para>
					</maml:description>
				</dev:type>
				<maml:description>
					<maml:para></maml:para>
				</maml:description>
			</command:returnValue>
		</command:returnValues>
		<maml:alertSet>
			<maml:title></maml:title>
			<maml:alert>
				<maml:para></maml:para>
			</maml:alert>
		</maml:alertSet>
		<command:examples>
			<command:example>
				<maml:title>Example 1</maml:title>
				<maml:introduction>
					<maml:para></maml:para>
				</maml:introduction>
				<dev:code>ConvertTo-Hex -inputvalue 199</dev:code>
				<dev:remarks>
					<maml:para>Returns result as c7</maml:para>
				</dev:remarks>
				<command:commandLines>
					<command:commandLine>
						<command:commandText></command:commandText>
					</command:commandLine>
				</command:commandLines>
			</command:example>
		</command:examples>
		<maml:relatedLinks>
			<maml:navigationLink>
				<maml:linkText></maml:linkText>
				<maml:uri></maml:uri>
			</maml:navigationLink>
		</maml:relatedLinks>
	</command:command><command:command>
		<command:details>
			<command:name>ConvertTo-Binary</command:name>
			<maml:description>
				<maml:para></maml:para>
			</maml:description>
			<maml:copyright>
				<maml:para>(c) Richard Siddaway 2010</maml:para>
			</maml:copyright>
			<command:verb>ConvertTo</command:verb>
			<command:noun>Binary</command:noun>
			<dev:version></dev:version>
		</command:details>
		<maml:description>
			<maml:para>Converts a decimal number to string representation of binary equivalent</maml:para>
		</maml:description>
		<command:syntax>
			<command:syntaxItem>
				<maml:name>Default</maml:name>
				<command:parameter globbing="false" variableLength="" position="0" required="false" pipelineInput="false">
					<maml:name>inputvalue</maml:name>
					<maml:description>
						<maml:para></maml:para>
					</maml:description>
					<command:parameterValue required="false" variableLength="">64 bit integer</command:parameterValue>
					<dev:type>
						<maml:name></maml:name>
						<maml:uri></maml:uri>
						<maml:description>
							<maml:para></maml:para>
						</maml:description>
					</dev:type>
					<dev:defaultValue>0</dev:defaultValue>
				</command:parameter>
			</command:syntaxItem>
		</command:syntax>
		<command:parameters>
			<command:parameter globbing="false" variableLength="" position="0" required="false" pipelineInput="false">
				<maml:name>inputvalue</maml:name>
				<maml:description>
					<maml:para>Value to convert</maml:para>
				</maml:description>
				<command:parameterValue required="false" variableLength="">64 bit integer</command:parameterValue>
				<dev:type>
					<maml:name></maml:name>
					<maml:uri></maml:uri>
					<maml:description>
						<maml:para></maml:para>
					</maml:description>
				</dev:type>
				<dev:defaultValue>0</dev:defaultValue>
			</command:parameter>
		</command:parameters>
		<command:inputTypes>
			<command:inputType>
				<dev:type>
					<maml:name>64 bit integer</maml:name>
					<maml:uri></maml:uri>
					<maml:description>
						<maml:para></maml:para>
					</maml:description>
				</dev:type>
				<maml:description>
					<maml:para></maml:para>
				</maml:description>
			</command:inputType>
		</command:inputTypes>
		<command:returnValues>
			<command:returnValue>
				<dev:type>
					<maml:name>string</maml:name>
					<maml:uri></maml:uri>
					<maml:description>
						<maml:para></maml:para>
					</maml:description>
				</dev:type>
				<maml:description>
					<maml:para></maml:para>
				</maml:description>
			</command:returnValue>
		</command:returnValues>
		<maml:alertSet>
			<maml:title></maml:title>
			<maml:alert>
				<maml:para></maml:para>
			</maml:alert>
		</maml:alertSet>
		<command:examples>
			<command:example>
				<maml:title>Example 1</maml:title>
				<maml:introduction>
					<maml:para></maml:para>
				</maml:introduction>
				<dev:code>ConvertTo-Binary -inputvalue 199</dev:code>
				<dev:remarks>
					<maml:para>Returns result as 11000111</maml:para>
				</dev:remarks>
				<command:commandLines>
					<command:commandLine>
						<command:commandText></command:commandText>
					</command:commandLine>
				</command:commandLines>
			</command:example>
		</command:examples>
		<maml:relatedLinks>
			<maml:navigationLink>
				<maml:linkText></maml:linkText>
				<maml:uri></maml:uri>
			</maml:navigationLink>
		</maml:relatedLinks>
	</command:command><command:command>
		<command:details>
			<command:name>ConvertTo-Decimal</command:name>
			<maml:description>
				<maml:para></maml:para>
			</maml:description>
			<maml:copyright>
				<maml:para>(c) Richard Siddaway 2010</maml:para>
			</maml:copyright>
			<command:verb>ConvertTo</command:verb>
			<command:noun>Decimal</command:noun>
			<dev:version></dev:version>
		</command:details>
		<maml:description>
			<maml:para>Converts a string representation of hexadecimal or binary number to a decimal number. Only deals with positive integers</maml:para>
		</maml:description>
		<command:syntax>
			<command:syntaxItem>
				<maml:name>Binary</maml:name>
				<command:parameter globbing="false" variableLength="" position="0" required="false" pipelineInput="false">
					<maml:name>inputvalue</maml:name>
					<maml:description>
						<maml:para></maml:para>
					</maml:description>
					<command:parameterValue required="false" variableLength="">64 bit integer</command:parameterValue>
					<dev:type>
						<maml:name></maml:name>
						<maml:uri></maml:uri>
						<maml:description>
							<maml:para></maml:para>
						</maml:description>
					</dev:type>
					<dev:defaultValue>0</dev:defaultValue>
				</command:parameter>
			<command:parameter globbing="false" variableLength="" position="1" required="false" pipelineInput="false">
									<maml:name>binary</maml:name>
									<maml:description>
										<maml:para>Input is binary</maml:para>
									</maml:description>
									<command:parameterValue required="false" variableLength="">switch</command:parameterValue>
									<dev:type>
										<maml:name></maml:name>
										<maml:uri></maml:uri>
										<maml:description>
											<maml:para></maml:para>
										</maml:description>
									</dev:type>
									<dev:defaultValue></dev:defaultValue>
								</command:parameter></command:syntaxItem>
		<command:syntaxItem>
				<maml:name>Hex</maml:name>
				<command:parameter globbing="false" variableLength="" position="0" required="false" pipelineInput="false">
					<maml:name>inputvalue</maml:name>
					<maml:description>
						<maml:para></maml:para>
					</maml:description>
					<command:parameterValue required="false" variableLength="">64 bit integer</command:parameterValue>
					<dev:type>
						<maml:name></maml:name>
						<maml:uri></maml:uri>
						<maml:description>
							<maml:para></maml:para>
						</maml:description>
					</dev:type>
					<dev:defaultValue>0</dev:defaultValue>
				</command:parameter>
			<command:parameter globbing="false" variableLength="" position="2" required="false" pipelineInput="false">
									<maml:name>hex</maml:name>
									<maml:description>
										<maml:para>Input is hexadecimal</maml:para>
									</maml:description>
									<command:parameterValue required="false" variableLength="">switch</command:parameterValue>
									<dev:type>
										<maml:name></maml:name>
										<maml:uri></maml:uri>
										<maml:description>
											<maml:para></maml:para>
										</maml:description>
									</dev:type>
									<dev:defaultValue></dev:defaultValue>
								</command:parameter></command:syntaxItem></command:syntax>
		<command:parameters>
			<command:parameter globbing="false" variableLength="" position="0" required="false" pipelineInput="false">
				<maml:name>inputvalue</maml:name>
				<maml:description>
					<maml:para>Value to convert</maml:para>
				</maml:description>
				<command:parameterValue required="false" variableLength="">64 bit integer</command:parameterValue>
				<dev:type>
					<maml:name></maml:name>
					<maml:uri></maml:uri>
					<maml:description>
						<maml:para></maml:para>
					</maml:description>
				</dev:type>
				<dev:defaultValue>0</dev:defaultValue>
			</command:parameter>
		<command:parameter globbing="false" variableLength="" position="1" required="false" pipelineInput="false">
				<maml:name>binary</maml:name>
				<maml:description>
					<maml:para></maml:para>
				</maml:description>
				<command:parameterValue required="false" variableLength="">switch</command:parameterValue>
				<dev:type>
					<maml:name></maml:name>
					<maml:uri></maml:uri>
					<maml:description>
						<maml:para></maml:para>
					</maml:description>
				</dev:type>
				<dev:defaultValue>0</dev:defaultValue>
			</command:parameter><command:parameter globbing="false" variableLength="" position="2" required="false" pipelineInput="false">
				<maml:name>hex</maml:name>
				<maml:description>
					<maml:para></maml:para>
				</maml:description>
				<command:parameterValue required="false" variableLength="">switch</command:parameterValue>
				<dev:type>
					<maml:name></maml:name>
					<maml:uri></maml:uri>
					<maml:description>
						<maml:para></maml:para>
					</maml:description>
				</dev:type>
				<dev:defaultValue>0</dev:defaultValue>
			</command:parameter></command:parameters>
		<command:inputTypes>
			<command:inputType>
				<dev:type>
					<maml:name>string</maml:name>
					<maml:uri></maml:uri>
					<maml:description>
						<maml:para></maml:para>
					</maml:description>
				</dev:type>
				<maml:description>
					<maml:para></maml:para>
				</maml:description>
			</command:inputType>
		</command:inputTypes>
		<command:returnValues>
			<command:returnValue>
				<dev:type>
					<maml:name>64 bit integer</maml:name>
					<maml:uri></maml:uri>
					<maml:description>
						<maml:para></maml:para>
					</maml:description>
				</dev:type>
				<maml:description>
					<maml:para></maml:para>
				</maml:description>
			</command:returnValue>
		</command:returnValues>
		<maml:alertSet>
			<maml:title></maml:title>
			<maml:alert>
				<maml:para></maml:para>
			</maml:alert>
		</maml:alertSet>
		<command:examples>
			<command:example>
				<maml:title>Example 1</maml:title>
				<maml:introduction>
					<maml:para></maml:para>
				</maml:introduction>
				<dev:code>ConvertTo-Decimal -inputvalue c7 -hex</dev:code>
				<dev:remarks>
					<maml:para>Returns result as 199</maml:para>
				</dev:remarks>
				<command:commandLines>
					<command:commandLine>
						<command:commandText></command:commandText>
					</command:commandLine>
				</command:commandLines>
			</command:example>
		<command:example>
				<maml:title>Example 2</maml:title>
				<maml:introduction>
					<maml:para></maml:para>
				</maml:introduction>
				<dev:code>ConvertTo-Decimal -inputvalue 11000111 -binary</dev:code>
				<dev:remarks>
					<maml:para>Returns result as 199</maml:para>
				</dev:remarks>
				<command:commandLines>
					<command:commandLine>
						<command:commandText></command:commandText>
					</command:commandLine>
				</command:commandLines>
			</command:example></command:examples>
		<maml:relatedLinks>
			<maml:navigationLink>
				<maml:linkText></maml:linkText>
				<maml:uri></maml:uri>
			</maml:navigationLink>
		</maml:relatedLinks>
	</command:command><command:command>
		<command:details>
			<command:name>Test-Binary</command:name>
			<maml:description>
				<maml:para></maml:para>
			</maml:description>
			<maml:copyright>
				<maml:para>(c) Richard Siddaway 2010</maml:para>
			</maml:copyright>
			<command:verb>Test</command:verb>
			<command:noun>Binary</command:noun>
			<dev:version></dev:version>
		</command:details>
		<maml:description>
			<maml:para>Tests a string to determine if a binary number</maml:para>
		</maml:description>
		<command:syntax>
			<command:syntaxItem>
				<maml:name>Default</maml:name>
				<command:parameter globbing="false" variableLength="" position="0" required="false" pipelineInput="false">
					<maml:name>inputvalue</maml:name>
					<maml:description>
						<maml:para></maml:para>
					</maml:description>
					<command:parameterValue required="false" variableLength="">string</command:parameterValue>
					<dev:type>
						<maml:name></maml:name>
						<maml:uri></maml:uri>
						<maml:description>
							<maml:para></maml:para>
						</maml:description>
					</dev:type>
					<dev:defaultValue>0</dev:defaultValue>
				</command:parameter>
			</command:syntaxItem>
		</command:syntax>
		<command:parameters>
			<command:parameter globbing="false" variableLength="" position="0" required="false" pipelineInput="false">
				<maml:name>inputvalue</maml:name>
				<maml:description>
					<maml:para>Value to test</maml:para>
				</maml:description>
				<command:parameterValue required="false" variableLength="">string</command:parameterValue>
				<dev:type>
					<maml:name></maml:name>
					<maml:uri></maml:uri>
					<maml:description>
						<maml:para></maml:para>
					</maml:description>
				</dev:type>
				<dev:defaultValue>0</dev:defaultValue>
			</command:parameter>
		</command:parameters>
		<command:inputTypes>
			<command:inputType>
				<dev:type>
					<maml:name>string</maml:name>
					<maml:uri></maml:uri>
					<maml:description>
						<maml:para></maml:para>
					</maml:description>
				</dev:type>
				<maml:description>
					<maml:para>value to test</maml:para>
				</maml:description>
			</command:inputType>
		</command:inputTypes>
		<command:returnValues>
			<command:returnValue>
				<dev:type>
					<maml:name></maml:name>
					<maml:uri></maml:uri>
					<maml:description>
						<maml:para></maml:para>
					</maml:description>
				</dev:type>
				<maml:description>
					<maml:para></maml:para>
				</maml:description>
			</command:returnValue>
		</command:returnValues>
		<maml:alertSet>
			<maml:title></maml:title>
			<maml:alert>
				<maml:para></maml:para>
			</maml:alert>
		</maml:alertSet>
		<command:examples>
			<command:example>
				<maml:title>Example 1</maml:title>
				<maml:introduction>
					<maml:para></maml:para>
				</maml:introduction>
				<dev:code>Test-Binary -inputvalue 11000111</dev:code>
				<dev:remarks>
					<maml:para>Passes test - no return</maml:para>
				</dev:remarks>
				<command:commandLines>
					<command:commandLine>
						<command:commandText></command:commandText>
					</command:commandLine>
				</command:commandLines>
			</command:example>
		<command:example>
										<maml:title>Example 2</maml:title>
										<maml:introduction>
											<maml:para></maml:para>
										</maml:introduction>
										<dev:code>Test-Binary -inputvalue c7</dev:code>
										<dev:remarks>
											<maml:para>Fails test - exception thrown</maml:para>
										</dev:remarks>
										<command:commandLines>
											<command:commandLine>
												<command:commandText></command:commandText>
											</command:commandLine>
										</command:commandLines>
									</command:example></command:examples>
		<maml:relatedLinks>
			<maml:navigationLink>
				<maml:linkText></maml:linkText>
				<maml:uri></maml:uri>
			</maml:navigationLink>
		</maml:relatedLinks>
	</command:command><command:command>
		<command:details>
			<command:name>Test-Hex</command:name>
			<maml:description>
				<maml:para></maml:para>
			</maml:description>
			<maml:copyright>
				<maml:para>(c) Richard Siddaway 2010</maml:para>
			</maml:copyright>
			<command:verb>Test</command:verb>
			<command:noun>Hex</command:noun>
			<dev:version></dev:version>
		</command:details>
		<maml:description>
			<maml:para>Tests a string to determine if a hex number</maml:para>
		</maml:description>
		<command:syntax>
			<command:syntaxItem>
				<maml:name>Default</maml:name>
				<command:parameter globbing="false" variableLength="" position="0" required="false" pipelineInput="false">
					<maml:name>inputvalue</maml:name>
					<maml:description>
						<maml:para></maml:para>
					</maml:description>
					<command:parameterValue required="false" variableLength="">string</command:parameterValue>
					<dev:type>
						<maml:name></maml:name>
						<maml:uri></maml:uri>
						<maml:description>
							<maml:para></maml:para>
						</maml:description>
					</dev:type>
					<dev:defaultValue>0</dev:defaultValue>
				</command:parameter>
			</command:syntaxItem>
		</command:syntax>
		<command:parameters>
			<command:parameter globbing="false" variableLength="" position="0" required="false" pipelineInput="false">
				<maml:name>inputvalue</maml:name>
				<maml:description>
					<maml:para>Value to test</maml:para>
				</maml:description>
				<command:parameterValue required="false" variableLength="">string</command:parameterValue>
				<dev:type>
					<maml:name></maml:name>
					<maml:uri></maml:uri>
					<maml:description>
						<maml:para></maml:para>
					</maml:description>
				</dev:type>
				<dev:defaultValue>0</dev:defaultValue>
			</command:parameter>
		</command:parameters>
		<command:inputTypes>
			<command:inputType>
				<dev:type>
					<maml:name>string</maml:name>
					<maml:uri></maml:uri>
					<maml:description>
						<maml:para></maml:para>
					</maml:description>
				</dev:type>
				<maml:description>
					<maml:para>value to test</maml:para>
				</maml:description>
			</command:inputType>
		</command:inputTypes>
		<command:returnValues>
			<command:returnValue>
				<dev:type>
					<maml:name></maml:name>
					<maml:uri></maml:uri>
					<maml:description>
						<maml:para></maml:para>
					</maml:description>
				</dev:type>
				<maml:description>
					<maml:para></maml:para>
				</maml:description>
			</command:returnValue>
		</command:returnValues>
		<maml:alertSet>
			<maml:title></maml:title>
			<maml:alert>
				<maml:para></maml:para>
			</maml:alert>
		</maml:alertSet>
		<command:examples>
			<command:example>
				<maml:title>Example 1</maml:title>
				<maml:introduction>
					<maml:para></maml:para>
				</maml:introduction>
				<dev:code>Test-Hex -inputvalue c7</dev:code>
				<dev:remarks>
					<maml:para>Passes test - no return</maml:para>
				</dev:remarks>
				<command:commandLines>
					<command:commandLine>
						<command:commandText></command:commandText>
					</command:commandLine>
				</command:commandLines>
			</command:example>
		<command:example>
										<maml:title>Example 2</maml:title>
										<maml:introduction>
											<maml:para></maml:para>
										</maml:introduction>
										<dev:code>Test-Hex -inputvalue g27</dev:code>
										<dev:remarks>
											<maml:para>Fails test - exception thrown</maml:para>
										</dev:remarks>
										<command:commandLines>
											<command:commandLine>
												<command:commandText></command:commandText>
											</command:commandLine>
										</command:commandLines>
									</command:example></command:examples>
		<maml:relatedLinks>
			<maml:navigationLink>
				<maml:linkText></maml:linkText>
				<maml:uri></maml:uri>
			</maml:navigationLink>
		</maml:relatedLinks>
	</command:command><command:command>
		<command:details>
			<command:name>Get-BinarySum</command:name>
			<maml:description>
				<maml:para></maml:para>
			</maml:description>
			<maml:copyright>
				<maml:para>(c) Richard Siddaway 2010</maml:para>
			</maml:copyright>
			<command:verb>Get</command:verb>
			<command:noun>BinarySum</command:noun>
			<dev:version></dev:version>
		</command:details>
		<maml:description>
			<maml:para>Adds two binary numbers together and returns a string representation of the result in binary</maml:para>
		</maml:description>
		<command:syntax>
			<command:syntaxItem>
				<maml:name>Default</maml:name>
				<command:parameter globbing="false" variableLength="" position="0" required="false" pipelineInput="false">
					<maml:name>inputvalue1</maml:name>
					<maml:description>
						<maml:para></maml:para>
					</maml:description>
					<command:parameterValue required="false" variableLength="">string</command:parameterValue>
					<dev:type>
						<maml:name></maml:name>
						<maml:uri></maml:uri>
						<maml:description>
							<maml:para></maml:para>
						</maml:description>
					</dev:type>
					<dev:defaultValue>0</dev:defaultValue>
				</command:parameter>
			<command:parameter globbing="false" variableLength="" position="1" required="false" pipelineInput="false">
					<maml:name>inputvalue2</maml:name>
					<maml:description>
						<maml:para></maml:para>
					</maml:description>
					<command:parameterValue required="false" variableLength="">string</command:parameterValue>
					<dev:type>
						<maml:name></maml:name>
						<maml:uri></maml:uri>
						<maml:description>
							<maml:para></maml:para>
						</maml:description>
					</dev:type>
					<dev:defaultValue>0</dev:defaultValue>
				</command:parameter></command:syntaxItem>
		</command:syntax>
		<command:parameters>
			<command:parameter globbing="false" variableLength="" position="0" required="false" pipelineInput="false">
				<maml:name>inputvalue1</maml:name>
				<maml:description>
					<maml:para>first value</maml:para>
				</maml:description>
				<command:parameterValue required="false" variableLength="">string</command:parameterValue>
				<dev:type>
					<maml:name></maml:name>
					<maml:uri></maml:uri>
					<maml:description>
						<maml:para></maml:para>
					</maml:description>
				</dev:type>
				<dev:defaultValue>0</dev:defaultValue>
			</command:parameter>
		<command:parameter globbing="false" variableLength="" position="1" required="false" pipelineInput="false">
				<maml:name>inputvalue2</maml:name>
				<maml:description>
					<maml:para>second value</maml:para>
				</maml:description>
				<command:parameterValue required="false" variableLength="">string</command:parameterValue>
				<dev:type>
					<maml:name></maml:name>
					<maml:uri></maml:uri>
					<maml:description>
						<maml:para></maml:para>
					</maml:description>
				</dev:type>
				<dev:defaultValue>0</dev:defaultValue>
			</command:parameter></command:parameters>
		<command:inputTypes>
			<command:inputType>
				<dev:type>
					<maml:name>string</maml:name>
					<maml:uri></maml:uri>
					<maml:description>
						<maml:para></maml:para>
					</maml:description>
				</dev:type>
				<maml:description>
					<maml:para>values to add</maml:para>
				</maml:description>
			</command:inputType>
		</command:inputTypes>
		<command:returnValues>
			<command:returnValue>
				<dev:type>
					<maml:name>string</maml:name>
					<maml:uri></maml:uri>
					<maml:description>
						<maml:para></maml:para>
					</maml:description>
				</dev:type>
				<maml:description>
					<maml:para>result in binary</maml:para>
				</maml:description>
			</command:returnValue>
		</command:returnValues>
		<maml:alertSet>
			<maml:title></maml:title>
			<maml:alert>
				<maml:para></maml:para>
			</maml:alert>
		</maml:alertSet>
		<command:examples>
			<command:example>
				<maml:title>Example 1</maml:title>
				<maml:introduction>
					<maml:para></maml:para>
				</maml:introduction>
				<dev:code>Get-BinarySum -inputvalue1 11000111 -inputvalue2 11101</dev:code>
				<dev:remarks>
					<maml:para></maml:para>
				</dev:remarks>
				<command:commandLines>
					<command:commandLine>
						<command:commandText></command:commandText>
					</command:commandLine>
				</command:commandLines>
			</command:example>
		</command:examples>
		<maml:relatedLinks>
			<maml:navigationLink>
				<maml:linkText></maml:linkText>
				<maml:uri></maml:uri>
			</maml:navigationLink>
		</maml:relatedLinks>
	</command:command><command:command>
		<command:details>
			<command:name>Get-BinaryDifference</command:name>
			<maml:description>
				<maml:para></maml:para>
			</maml:description>
			<maml:copyright>
				<maml:para>(c) Richard Siddaway 2010</maml:para>
			</maml:copyright>
			<command:verb>Get</command:verb>
			<command:noun>BinaryDifference</command:noun>
			<dev:version></dev:version>
		</command:details>
		<maml:description>
			<maml:para>Subtracts second binary number from first binary number and returns a string representation of the result in binary</maml:para>
		</maml:description>
		<command:syntax>
			<command:syntaxItem>
				<maml:name>Default</maml:name>
				<command:parameter globbing="false" variableLength="" position="0" required="false" pipelineInput="false">
					<maml:name>inputvalue1</maml:name>
					<maml:description>
						<maml:para></maml:para>
					</maml:description>
					<command:parameterValue required="false" variableLength="">string</command:parameterValue>
					<dev:type>
						<maml:name></maml:name>
						<maml:uri></maml:uri>
						<maml:description>
							<maml:para></maml:para>
						</maml:description>
					</dev:type>
					<dev:defaultValue>0</dev:defaultValue>
				</command:parameter>
			<command:parameter globbing="false" variableLength="" position="1" required="false" pipelineInput="false">
					<maml:name>inputvalue2</maml:name>
					<maml:description>
						<maml:para></maml:para>
					</maml:description>
					<command:parameterValue required="false" variableLength="">string</command:parameterValue>
					<dev:type>
						<maml:name></maml:name>
						<maml:uri></maml:uri>
						<maml:description>
							<maml:para></maml:para>
						</maml:description>
					</dev:type>
					<dev:defaultValue>0</dev:defaultValue>
				</command:parameter></command:syntaxItem>
		</command:syntax>
		<command:parameters>
			<command:parameter globbing="false" variableLength="" position="0" required="false" pipelineInput="false">
				<maml:name>inputvalue1</maml:name>
				<maml:description>
					<maml:para>first value</maml:para>
				</maml:description>
				<command:parameterValue required="false" variableLength="">string</command:parameterValue>
				<dev:type>
					<maml:name></maml:name>
					<maml:uri></maml:uri>
					<maml:description>
						<maml:para></maml:para>
					</maml:description>
				</dev:type>
				<dev:defaultValue>0</dev:defaultValue>
			</command:parameter>
		<command:parameter globbing="false" variableLength="" position="1" required="false" pipelineInput="false">
				<maml:name>inputvalue2</maml:name>
				<maml:description>
					<maml:para>second value - this is always subtracted from first value</maml:para>
				</maml:description>
				<command:parameterValue required="false" variableLength="">string</command:parameterValue>
				<dev:type>
					<maml:name></maml:name>
					<maml:uri></maml:uri>
					<maml:description>
						<maml:para></maml:para>
					</maml:description>
				</dev:type>
				<dev:defaultValue>0</dev:defaultValue>
			</command:parameter></command:parameters>
		<command:inputTypes>
			<command:inputType>
				<dev:type>
					<maml:name>string</maml:name>
					<maml:uri></maml:uri>
					<maml:description>
						<maml:para></maml:para>
					</maml:description>
				</dev:type>
				<maml:description>
					<maml:para>values to subtract</maml:para>
				</maml:description>
			</command:inputType>
		</command:inputTypes>
		<command:returnValues>
			<command:returnValue>
				<dev:type>
					<maml:name>string</maml:name>
					<maml:uri></maml:uri>
					<maml:description>
						<maml:para></maml:para>
					</maml:description>
				</dev:type>
				<maml:description>
					<maml:para>result in binary</maml:para>
				</maml:description>
			</command:returnValue>
		</command:returnValues>
		<maml:alertSet>
			<maml:title></maml:title>
			<maml:alert>
				<maml:para></maml:para>
			</maml:alert>
		</maml:alertSet>
		<command:examples>
			<command:example>
				<maml:title>Example 1</maml:title>
				<maml:introduction>
					<maml:para></maml:para>
				</maml:introduction>
				<dev:code>Get-BinaryDifference -inputvalue1 11000111 -inputvalue2 11101</dev:code>
				<dev:remarks>
					<maml:para></maml:para>
				</dev:remarks>
				<command:commandLines>
					<command:commandLine>
						<command:commandText></command:commandText>
					</command:commandLine>
				</command:commandLines>
			</command:example>
		</command:examples>
		<maml:relatedLinks>
			<maml:navigationLink>
				<maml:linkText></maml:linkText>
				<maml:uri></maml:uri>
			</maml:navigationLink>
		</maml:relatedLinks>
	</command:command><command:command>
		<command:details>
			<command:name>Get-BinaryAND</command:name>
			<maml:description>
				<maml:para></maml:para>
			</maml:description>
			<maml:copyright>
				<maml:para>(c) Richard Siddaway 2010</maml:para>
			</maml:copyright>
			<command:verb>Get</command:verb>
			<command:noun>BinaryAND</command:noun>
			<dev:version></dev:version>
		</command:details>
		<maml:description>
			<maml:para>Performs a inputvalue1 -band -inputvalue2</maml:para>
		</maml:description>
		<command:syntax>
			<command:syntaxItem>
				<maml:name>Default</maml:name>
				<command:parameter globbing="false" variableLength="" position="0" required="false" pipelineInput="false">
					<maml:name>inputvalue1</maml:name>
					<maml:description>
						<maml:para></maml:para>
					</maml:description>
					<command:parameterValue required="false" variableLength="">string</command:parameterValue>
					<dev:type>
						<maml:name></maml:name>
						<maml:uri></maml:uri>
						<maml:description>
							<maml:para></maml:para>
						</maml:description>
					</dev:type>
					<dev:defaultValue>0</dev:defaultValue>
				</command:parameter>
			<command:parameter globbing="false" variableLength="" position="1" required="false" pipelineInput="false">
					<maml:name>inputvalue2</maml:name>
					<maml:description>
						<maml:para></maml:para>
					</maml:description>
					<command:parameterValue required="false" variableLength="">string</command:parameterValue>
					<dev:type>
						<maml:name></maml:name>
						<maml:uri></maml:uri>
						<maml:description>
							<maml:para></maml:para>
						</maml:description>
					</dev:type>
					<dev:defaultValue>0</dev:defaultValue>
				</command:parameter><command:parameter globbing="false" variableLength="" position="2" required="false" pipelineInput="false">
									<maml:name>showsum</maml:name>
									<maml:description>
										<maml:para></maml:para>
									</maml:description>
									<command:parameterValue required="false" variableLength="">switch</command:parameterValue>
									<dev:type>
										<maml:name></maml:name>
										<maml:uri></maml:uri>
										<maml:description>
											<maml:para></maml:para>
										</maml:description>
									</dev:type>
									<dev:defaultValue></dev:defaultValue>
								</command:parameter></command:syntaxItem>
		</command:syntax>
		<command:parameters>
			<command:parameter globbing="false" variableLength="" position="0" required="false" pipelineInput="false">
				<maml:name>inputvalue1</maml:name>
				<maml:description>
					<maml:para>first value</maml:para>
				</maml:description>
				<command:parameterValue required="false" variableLength="">string</command:parameterValue>
				<dev:type>
					<maml:name></maml:name>
					<maml:uri></maml:uri>
					<maml:description>
						<maml:para></maml:para>
					</maml:description>
				</dev:type>
				<dev:defaultValue>0</dev:defaultValue>
			</command:parameter>
		<command:parameter globbing="false" variableLength="" position="1" required="false" pipelineInput="false">
				<maml:name>inputvalue2</maml:name>
				<maml:description>
					<maml:para>second value </maml:para>
				</maml:description>
				<command:parameterValue required="false" variableLength="">string</command:parameterValue>
				<dev:type>
					<maml:name></maml:name>
					<maml:uri></maml:uri>
					<maml:description>
						<maml:para></maml:para>
					</maml:description>
				</dev:type>
				<dev:defaultValue>0</dev:defaultValue>
			</command:parameter><command:parameter globbing="false" variableLength="" position="2" required="false" pipelineInput="false">
										<maml:name>showsum</maml:name>
										<maml:description>
											<maml:para>shows the workings of the AND</maml:para>
										</maml:description>
										<command:parameterValue required="false" variableLength="">switch</command:parameterValue>
										<dev:type>
											<maml:name></maml:name>
											<maml:uri></maml:uri>
											<maml:description>
												<maml:para></maml:para>
											</maml:description>
										</dev:type>
										<dev:defaultValue></dev:defaultValue>
									</command:parameter></command:parameters>
		<command:inputTypes>
			<command:inputType>
				<dev:type>
					<maml:name>string</maml:name>
					<maml:uri></maml:uri>
					<maml:description>
						<maml:para></maml:para>
					</maml:description>
				</dev:type>
				<maml:description>
					<maml:para>values to band</maml:para>
				</maml:description>
			</command:inputType>
		</command:inputTypes>
		<command:returnValues>
			<command:returnValue>
				<dev:type>
					<maml:name>string</maml:name>
					<maml:uri></maml:uri>
					<maml:description>
						<maml:para></maml:para>
					</maml:description>
				</dev:type>
				<maml:description>
					<maml:para>result in binary</maml:para>
				</maml:description>
			</command:returnValue>
		</command:returnValues>
		<maml:alertSet>
			<maml:title></maml:title>
			<maml:alert>
				<maml:para></maml:para>
			</maml:alert>
		</maml:alertSet>
		<command:examples>
			<command:example>
				<maml:title>Example 1</maml:title>
				<maml:introduction>
					<maml:para></maml:para>
				</maml:introduction>
				<dev:code>Get-BinaryAND -inputvalue1 11000111 -inputvalue2 00011101</dev:code>
				<dev:remarks>
					<maml:para>Ensure the two values are the same length</maml:para>
				</dev:remarks>
				<command:commandLines>
					<command:commandLine>
						<command:commandText></command:commandText>
					</command:commandLine>
				</command:commandLines>
			</command:example>
		<command:example>
										<maml:title>Example 2</maml:title>
										<maml:introduction>
											<maml:para></maml:para>
										</maml:introduction>
										<dev:code>Get-BinaryAND -inputvalue1 11000111 -inputvalue2 00011101 -showsum</dev:code>
										<dev:remarks>
											<maml:para>Shows the workings

11000111
00011101
--------
00000101 </maml:para>
										</dev:remarks>
										<command:commandLines>
											<command:commandLine>
												<command:commandText></command:commandText>
											</command:commandLine>
										</command:commandLines>
									</command:example></command:examples>
		<maml:relatedLinks>
			<maml:navigationLink>
				<maml:linkText></maml:linkText>
				<maml:uri></maml:uri>
			</maml:navigationLink>
		</maml:relatedLinks>
	</command:command><command:command>
		<command:details>
			<command:name>Get-BinaryOR</command:name>
			<maml:description>
				<maml:para></maml:para>
			</maml:description>
			<maml:copyright>
				<maml:para>(c) Richard Siddaway 2010</maml:para>
			</maml:copyright>
			<command:verb>Get</command:verb>
			<command:noun>BinaryOR</command:noun>
			<dev:version></dev:version>
		</command:details>
		<maml:description>
			<maml:para>Performs a inputvalue1 -bor -inputvalue2</maml:para>
		</maml:description>
		<command:syntax>
			<command:syntaxItem>
				<maml:name>Default</maml:name>
				<command:parameter globbing="false" variableLength="" position="0" required="false" pipelineInput="false">
					<maml:name>inputvalue1</maml:name>
					<maml:description>
						<maml:para></maml:para>
					</maml:description>
					<command:parameterValue required="false" variableLength="">string</command:parameterValue>
					<dev:type>
						<maml:name></maml:name>
						<maml:uri></maml:uri>
						<maml:description>
							<maml:para></maml:para>
						</maml:description>
					</dev:type>
					<dev:defaultValue>0</dev:defaultValue>
				</command:parameter>
			<command:parameter globbing="false" variableLength="" position="1" required="false" pipelineInput="false">
					<maml:name>inputvalue2</maml:name>
					<maml:description>
						<maml:para></maml:para>
					</maml:description>
					<command:parameterValue required="false" variableLength="">string</command:parameterValue>
					<dev:type>
						<maml:name></maml:name>
						<maml:uri></maml:uri>
						<maml:description>
							<maml:para></maml:para>
						</maml:description>
					</dev:type>
					<dev:defaultValue>0</dev:defaultValue>
				</command:parameter><command:parameter globbing="false" variableLength="" position="2" required="false" pipelineInput="false">
									<maml:name>showsum</maml:name>
									<maml:description>
										<maml:para></maml:para>
									</maml:description>
									<command:parameterValue required="false" variableLength="">switch</command:parameterValue>
									<dev:type>
										<maml:name></maml:name>
										<maml:uri></maml:uri>
										<maml:description>
											<maml:para></maml:para>
										</maml:description>
									</dev:type>
									<dev:defaultValue></dev:defaultValue>
								</command:parameter></command:syntaxItem>
		</command:syntax>
		<command:parameters>
			<command:parameter globbing="false" variableLength="" position="0" required="false" pipelineInput="false">
				<maml:name>inputvalue1</maml:name>
				<maml:description>
					<maml:para>first value</maml:para>
				</maml:description>
				<command:parameterValue required="false" variableLength="">string</command:parameterValue>
				<dev:type>
					<maml:name></maml:name>
					<maml:uri></maml:uri>
					<maml:description>
						<maml:para></maml:para>
					</maml:description>
				</dev:type>
				<dev:defaultValue>0</dev:defaultValue>
			</command:parameter>
		<command:parameter globbing="false" variableLength="" position="1" required="false" pipelineInput="false">
				<maml:name>inputvalue2</maml:name>
				<maml:description>
					<maml:para>second value </maml:para>
				</maml:description>
				<command:parameterValue required="false" variableLength="">string</command:parameterValue>
				<dev:type>
					<maml:name></maml:name>
					<maml:uri></maml:uri>
					<maml:description>
						<maml:para></maml:para>
					</maml:description>
				</dev:type>
				<dev:defaultValue>0</dev:defaultValue>
			</command:parameter><command:parameter globbing="false" variableLength="" position="2" required="false" pipelineInput="false">
										<maml:name>showsum</maml:name>
										<maml:description>
											<maml:para>shows the workings of the OR</maml:para>
										</maml:description>
										<command:parameterValue required="false" variableLength="">switch</command:parameterValue>
										<dev:type>
											<maml:name></maml:name>
											<maml:uri></maml:uri>
											<maml:description>
												<maml:para></maml:para>
											</maml:description>
										</dev:type>
										<dev:defaultValue></dev:defaultValue>
									</command:parameter></command:parameters>
		<command:inputTypes>
			<command:inputType>
				<dev:type>
					<maml:name>string</maml:name>
					<maml:uri></maml:uri>
					<maml:description>
						<maml:para></maml:para>
					</maml:description>
				</dev:type>
				<maml:description>
					<maml:para>values to bor</maml:para>
				</maml:description>
			</command:inputType>
		</command:inputTypes>
		<command:returnValues>
			<command:returnValue>
				<dev:type>
					<maml:name>string</maml:name>
					<maml:uri></maml:uri>
					<maml:description>
						<maml:para></maml:para>
					</maml:description>
				</dev:type>
				<maml:description>
					<maml:para>result in binary</maml:para>
				</maml:description>
			</command:returnValue>
		</command:returnValues>
		<maml:alertSet>
			<maml:title></maml:title>
			<maml:alert>
				<maml:para></maml:para>
			</maml:alert>
		</maml:alertSet>
		<command:examples>
			<command:example>
				<maml:title>Example 1</maml:title>
				<maml:introduction>
					<maml:para></maml:para>
				</maml:introduction>
				<dev:code>Get-BinaryOR -inputvalue1 11000111 -inputvalue2 000111010</dev:code>
				<dev:remarks>
					<maml:para>Ensure the two values are the same length</maml:para>
				</dev:remarks>
				<command:commandLines>
					<command:commandLine>
						<command:commandText></command:commandText>
					</command:commandLine>
				</command:commandLines>
			</command:example>
		<command:example>
										<maml:title>Example 2</maml:title>
										<maml:introduction>
											<maml:para></maml:para>
										</maml:introduction>
										<dev:code>Get-BinaryOR -inputvalue1 11000111 -inputvalue2 00011101 -showsum</dev:code>
										<dev:remarks>
											<maml:para>Shows the workings

11000111
00011101
--------
11011111</maml:para>
										</dev:remarks>
										<command:commandLines>
											<command:commandLine>
												<command:commandText></command:commandText>
											</command:commandLine>
										</command:commandLines>
									</command:example></command:examples>
		<maml:relatedLinks>
			<maml:navigationLink>
				<maml:linkText></maml:linkText>
				<maml:uri></maml:uri>
			</maml:navigationLink>
		</maml:relatedLinks>
	</command:command><command:command>
		<command:details>
			<command:name>Get-BinaryXOR</command:name>
			<maml:description>
				<maml:para></maml:para>
			</maml:description>
			<maml:copyright>
				<maml:para>(c) Richard Siddaway 2010</maml:para>
			</maml:copyright>
			<command:verb>Get</command:verb>
			<command:noun>BinaryXOR</command:noun>
			<dev:version></dev:version>
		</command:details>
		<maml:description>
			<maml:para>Performs a inputvalue1 -bxor -inputvalue2</maml:para>
		</maml:description>
		<command:syntax>
			<command:syntaxItem>
				<maml:name>Default</maml:name>
				<command:parameter globbing="false" variableLength="" position="0" required="false" pipelineInput="false">
					<maml:name>inputvalue1</maml:name>
					<maml:description>
						<maml:para></maml:para>
					</maml:description>
					<command:parameterValue required="false" variableLength="">string</command:parameterValue>
					<dev:type>
						<maml:name></maml:name>
						<maml:uri></maml:uri>
						<maml:description>
							<maml:para></maml:para>
						</maml:description>
					</dev:type>
					<dev:defaultValue>0</dev:defaultValue>
				</command:parameter>
			<command:parameter globbing="false" variableLength="" position="1" required="false" pipelineInput="false">
					<maml:name>inputvalue2</maml:name>
					<maml:description>
						<maml:para></maml:para>
					</maml:description>
					<command:parameterValue required="false" variableLength="">string</command:parameterValue>
					<dev:type>
						<maml:name></maml:name>
						<maml:uri></maml:uri>
						<maml:description>
							<maml:para></maml:para>
						</maml:description>
					</dev:type>
					<dev:defaultValue>0</dev:defaultValue>
				</command:parameter><command:parameter globbing="false" variableLength="" position="2" required="false" pipelineInput="false">
									<maml:name>showsum</maml:name>
									<maml:description>
										<maml:para></maml:para>
									</maml:description>
									<command:parameterValue required="false" variableLength="">switch</command:parameterValue>
									<dev:type>
										<maml:name></maml:name>
										<maml:uri></maml:uri>
										<maml:description>
											<maml:para></maml:para>
										</maml:description>
									</dev:type>
									<dev:defaultValue></dev:defaultValue>
								</command:parameter></command:syntaxItem>
		</command:syntax>
		<command:parameters>
			<command:parameter globbing="false" variableLength="" position="0" required="false" pipelineInput="false">
				<maml:name>inputvalue1</maml:name>
				<maml:description>
					<maml:para>first value</maml:para>
				</maml:description>
				<command:parameterValue required="false" variableLength="">string</command:parameterValue>
				<dev:type>
					<maml:name></maml:name>
					<maml:uri></maml:uri>
					<maml:description>
						<maml:para></maml:para>
					</maml:description>
				</dev:type>
				<dev:defaultValue>0</dev:defaultValue>
			</command:parameter>
		<command:parameter globbing="false" variableLength="" position="1" required="false" pipelineInput="false">
				<maml:name>inputvalue2</maml:name>
				<maml:description>
					<maml:para>second value </maml:para>
				</maml:description>
				<command:parameterValue required="false" variableLength="">string</command:parameterValue>
				<dev:type>
					<maml:name></maml:name>
					<maml:uri></maml:uri>
					<maml:description>
						<maml:para></maml:para>
					</maml:description>
				</dev:type>
				<dev:defaultValue>0</dev:defaultValue>
			</command:parameter><command:parameter globbing="false" variableLength="" position="2" required="false" pipelineInput="false">
										<maml:name>showsum</maml:name>
										<maml:description>
											<maml:para>shows the workings of the XOR</maml:para>
										</maml:description>
										<command:parameterValue required="false" variableLength="">switch</command:parameterValue>
										<dev:type>
											<maml:name></maml:name>
											<maml:uri></maml:uri>
											<maml:description>
												<maml:para></maml:para>
											</maml:description>
										</dev:type>
										<dev:defaultValue></dev:defaultValue>
									</command:parameter></command:parameters>
		<command:inputTypes>
			<command:inputType>
				<dev:type>
					<maml:name>string</maml:name>
					<maml:uri></maml:uri>
					<maml:description>
						<maml:para></maml:para>
					</maml:description>
				</dev:type>
				<maml:description>
					<maml:para>values to bxor</maml:para>
				</maml:description>
			</command:inputType>
		</command:inputTypes>
		<command:returnValues>
			<command:returnValue>
				<dev:type>
					<maml:name>string</maml:name>
					<maml:uri></maml:uri>
					<maml:description>
						<maml:para></maml:para>
					</maml:description>
				</dev:type>
				<maml:description>
					<maml:para>result in binary</maml:para>
				</maml:description>
			</command:returnValue>
		</command:returnValues>
		<maml:alertSet>
			<maml:title></maml:title>
			<maml:alert>
				<maml:para></maml:para>
			</maml:alert>
		</maml:alertSet>
		<command:examples>
			<command:example>
				<maml:title>Example 1</maml:title>
				<maml:introduction>
					<maml:para></maml:para>
				</maml:introduction>
				<dev:code>Get-BinaryXOR -inputvalue1 11000111 -inputvalue2 00011101</dev:code>
				<dev:remarks>
					<maml:para>Ensure the two values are the same length</maml:para>
				</dev:remarks>
				<command:commandLines>
					<command:commandLine>
						<command:commandText></command:commandText>
					</command:commandLine>
				</command:commandLines>
			</command:example>
		<command:example>
										<maml:title>Example 2</maml:title>
										<maml:introduction>
											<maml:para></maml:para>
										</maml:introduction>
										<dev:code>Get-BinaryXOR -inputvalue1 11000111 -inputvalue2 00011101 -showsum</dev:code>
										<dev:remarks>
											<maml:para>Shows the workings

11000111
00011101
--------
11011010</maml:para>
										</dev:remarks>
										<command:commandLines>
											<command:commandLine>
												<command:commandText></command:commandText>
											</command:commandLine>
										</command:commandLines>
									</command:example></command:examples>
		<maml:relatedLinks>
			<maml:navigationLink>
				<maml:linkText></maml:linkText>
				<maml:uri></maml:uri>
			</maml:navigationLink>
		</maml:relatedLinks>
	</command:command><command:command>
		<command:details>
			<command:name>Get-HexSum</command:name>
			<maml:description>
				<maml:para></maml:para>
			</maml:description>
			<maml:copyright>
				<maml:para>(c) Richard Siddaway 2010</maml:para>
			</maml:copyright>
			<command:verb>Get</command:verb>
			<command:noun>HexSum</command:noun>
			<dev:version></dev:version>
		</command:details>
		<maml:description>
			<maml:para>Adds two hex numbers together and returns a string representation of the result in hex</maml:para>
		</maml:description>
		<command:syntax>
			<command:syntaxItem>
				<maml:name>Default</maml:name>
				<command:parameter globbing="false" variableLength="" position="0" required="false" pipelineInput="false">
					<maml:name>inputvalue1</maml:name>
					<maml:description>
						<maml:para></maml:para>
					</maml:description>
					<command:parameterValue required="false" variableLength="">string</command:parameterValue>
					<dev:type>
						<maml:name></maml:name>
						<maml:uri></maml:uri>
						<maml:description>
							<maml:para></maml:para>
						</maml:description>
					</dev:type>
					<dev:defaultValue>0</dev:defaultValue>
				</command:parameter>
			<command:parameter globbing="false" variableLength="" position="1" required="false" pipelineInput="false">
					<maml:name>inputvalue2</maml:name>
					<maml:description>
						<maml:para></maml:para>
					</maml:description>
					<command:parameterValue required="false" variableLength="">string</command:parameterValue>
					<dev:type>
						<maml:name></maml:name>
						<maml:uri></maml:uri>
						<maml:description>
							<maml:para></maml:para>
						</maml:description>
					</dev:type>
					<dev:defaultValue>0</dev:defaultValue>
				</command:parameter></command:syntaxItem>
		</command:syntax>
		<command:parameters>
			<command:parameter globbing="false" variableLength="" position="0" required="false" pipelineInput="false">
				<maml:name>inputvalue1</maml:name>
				<maml:description>
					<maml:para>first value</maml:para>
				</maml:description>
				<command:parameterValue required="false" variableLength="">string</command:parameterValue>
				<dev:type>
					<maml:name></maml:name>
					<maml:uri></maml:uri>
					<maml:description>
						<maml:para></maml:para>
					</maml:description>
				</dev:type>
				<dev:defaultValue>0</dev:defaultValue>
			</command:parameter>
		<command:parameter globbing="false" variableLength="" position="1" required="false" pipelineInput="false">
				<maml:name>inputvalue2</maml:name>
				<maml:description>
					<maml:para>second value</maml:para>
				</maml:description>
				<command:parameterValue required="false" variableLength="">string</command:parameterValue>
				<dev:type>
					<maml:name></maml:name>
					<maml:uri></maml:uri>
					<maml:description>
						<maml:para></maml:para>
					</maml:description>
				</dev:type>
				<dev:defaultValue>0</dev:defaultValue>
			</command:parameter></command:parameters>
		<command:inputTypes>
			<command:inputType>
				<dev:type>
					<maml:name>string</maml:name>
					<maml:uri></maml:uri>
					<maml:description>
						<maml:para></maml:para>
					</maml:description>
				</dev:type>
				<maml:description>
					<maml:para>values to add</maml:para>
				</maml:description>
			</command:inputType>
		</command:inputTypes>
		<command:returnValues>
			<command:returnValue>
				<dev:type>
					<maml:name>string</maml:name>
					<maml:uri></maml:uri>
					<maml:description>
						<maml:para></maml:para>
					</maml:description>
				</dev:type>
				<maml:description>
					<maml:para>result in hex</maml:para>
				</maml:description>
			</command:returnValue>
		</command:returnValues>
		<maml:alertSet>
			<maml:title></maml:title>
			<maml:alert>
				<maml:para></maml:para>
			</maml:alert>
		</maml:alertSet>
		<command:examples>
			<command:example>
				<maml:title>Example 1</maml:title>
				<maml:introduction>
					<maml:para></maml:para>
				</maml:introduction>
				<dev:code>Get-HexSum -inputvalue1 c7 -inputvalue2 1d慀</dev:code>
				<dev:remarks>
					<maml:para></maml:para>
				</dev:remarks>
				<command:commandLines>
					<command:commandLine>
						<command:commandText></command:commandText>
					</command:commandLine>
				</command:commandLines>
			</command:example>
		</command:examples>
		<maml:relatedLinks>
			<maml:navigationLink>
				<maml:linkText></maml:linkText>
				<maml:uri></maml:uri>
			</maml:navigationLink>
		</maml:relatedLinks>
	</command:command><command:command>
		<command:details>
			<command:name>Get-HexDifference</command:name>
			<maml:description>
				<maml:para></maml:para>
			</maml:description>
			<maml:copyright>
				<maml:para>(c) Richard Siddaway 2010</maml:para>
			</maml:copyright>
			<command:verb>Get</command:verb>
			<command:noun>HexDifference</command:noun>
			<dev:version></dev:version>
		</command:details>
		<maml:description>
			<maml:para>Subtracts second hex number from first hex number and returns a string representation of the result in hex</maml:para>
		</maml:description>
		<command:syntax>
			<command:syntaxItem>
				<maml:name>Default</maml:name>
				<command:parameter globbing="false" variableLength="" position="0" required="false" pipelineInput="false">
					<maml:name>inputvalue1</maml:name>
					<maml:description>
						<maml:para></maml:para>
					</maml:description>
					<command:parameterValue required="false" variableLength="">string</command:parameterValue>
					<dev:type>
						<maml:name></maml:name>
						<maml:uri></maml:uri>
						<maml:description>
							<maml:para></maml:para>
						</maml:description>
					</dev:type>
					<dev:defaultValue>0</dev:defaultValue>
				</command:parameter>
			<command:parameter globbing="false" variableLength="" position="1" required="false" pipelineInput="false">
					<maml:name>inputvalue2</maml:name>
					<maml:description>
						<maml:para></maml:para>
					</maml:description>
					<command:parameterValue required="false" variableLength="">string</command:parameterValue>
					<dev:type>
						<maml:name></maml:name>
						<maml:uri></maml:uri>
						<maml:description>
							<maml:para></maml:para>
						</maml:description>
					</dev:type>
					<dev:defaultValue>0</dev:defaultValue>
				</command:parameter></command:syntaxItem>
		</command:syntax>
		<command:parameters>
			<command:parameter globbing="false" variableLength="" position="0" required="false" pipelineInput="false">
				<maml:name>inputvalue1</maml:name>
				<maml:description>
					<maml:para>first value</maml:para>
				</maml:description>
				<command:parameterValue required="false" variableLength="">string</command:parameterValue>
				<dev:type>
					<maml:name></maml:name>
					<maml:uri></maml:uri>
					<maml:description>
						<maml:para></maml:para>
					</maml:description>
				</dev:type>
				<dev:defaultValue>0</dev:defaultValue>
			</command:parameter>
		<command:parameter globbing="false" variableLength="" position="1" required="false" pipelineInput="false">
				<maml:name>inputvalue2</maml:name>
				<maml:description>
					<maml:para>second value - this is always subtracted from first value</maml:para>
				</maml:description>
				<command:parameterValue required="false" variableLength="">string</command:parameterValue>
				<dev:type>
					<maml:name></maml:name>
					<maml:uri></maml:uri>
					<maml:description>
						<maml:para></maml:para>
					</maml:description>
				</dev:type>
				<dev:defaultValue>0</dev:defaultValue>
			</command:parameter></command:parameters>
		<command:inputTypes>
			<command:inputType>
				<dev:type>
					<maml:name>string</maml:name>
					<maml:uri></maml:uri>
					<maml:description>
						<maml:para></maml:para>
					</maml:description>
				</dev:type>
				<maml:description>
					<maml:para>values to subtract</maml:para>
				</maml:description>
			</command:inputType>
		</command:inputTypes>
		<command:returnValues>
			<command:returnValue>
				<dev:type>
					<maml:name>string</maml:name>
					<maml:uri></maml:uri>
					<maml:description>
						<maml:para></maml:para>
					</maml:description>
				</dev:type>
				<maml:description>
					<maml:para>result in hex</maml:para>
				</maml:description>
			</command:returnValue>
		</command:returnValues>
		<maml:alertSet>
			<maml:title></maml:title>
			<maml:alert>
				<maml:para></maml:para>
			</maml:alert>
		</maml:alertSet>
		<command:examples>
			<command:example>
				<maml:title>Example 1</maml:title>
				<maml:introduction>
					<maml:para></maml:para>
				</maml:introduction>
				<dev:code>Get-HexDifference -inputvalue1 c7 -inputvalue2 1d</dev:code>
				<dev:remarks>
					<maml:para></maml:para>
				</dev:remarks>
				<command:commandLines>
					<command:commandLine>
						<command:commandText></command:commandText>
					</command:commandLine>
				</command:commandLines>
			</command:example>
		</command:examples>
		<maml:relatedLinks>
			<maml:navigationLink>
				<maml:linkText></maml:linkText>
				<maml:uri></maml:uri>
			</maml:navigationLink>
		</maml:relatedLinks>
	</command:command></helpItems>
